,City,Approx. Latitude,Approx. Longitude
0,punta arenas,-52.63301997568677,-70.4531429345876
1,ust-barguzin,54.338875914982026,108.26043164465352
2,avarua,-63.331892386115484,-164.03211837957278
3,chokurdakh,86.35334678239064,151.82152765990702
4,el fuerte,26.342207316019625,-108.74350858827643
5,clyde river,69.86518641142763,-75.2219029004193
6,kloulklubed,5.070120146821409,132.10739637756882
7,erzin,46.39384725829581,96.32317087956278
8,pevek,88.09497614416401,165.12881016747298
9,esso,56.25409345613801,159.37035647731375
10,tongsa,28.252408262536733,90.45410986151575
11,griffith,-31.95482280983775,145.13971729861208
12,belushya guba,75.4126303195647,46.64602898984947
13,souillac,-39.59957084508745,65.74144756068145
14,trapani,38.63606445812317,12.286478894253804
15,vaini,-82.47272713107562,-179.07632892282575
16,marquette,46.30623943706249,-88.47283289803305
17,busselton,-35.90586736587699,94.85142042702802
18,victoria,1.6645261020560866,59.03809395815753
19,miquelon,47.12650441336078,-56.227710744453574
20,rikitea,-67.5197268273999,-135.44865065158393
21,springdale,49.826372892900224,-56.02884746978829
22,bitung,3.364222448715637,125.93088397058773
23,jamestown,-52.02684238083537,-15.596468136773524
24,geraldton,-28.522863077123773,108.43349767103928
25,nikolayevka,43.12352702231877,133.23748097722387
26,petropavlovsk-kamchatskiy,50.43674076001824,162.94370705485505
27,fukue,33.81249686866089,126.58939609060735
28,oriximina,-0.9458825193676574,-55.690906569007794
29,mme,6.309592667370524,10.152351161813556
30,carnarvon,-27.119721430186218,93.49194105016232
31,kroonstad,-27.38944303306561,27.25686339320083
32,ribeira grande,38.27851976678815,-35.90083577043842
33,ahipara,-30.30384053591483,169.01108553649334
34,puerto ayora,-10.67358281933069,-93.33034525186038
35,hualmay,-16.103690934620914,-88.19812861890499
36,paysandu,-32.31208452218852,-58.178122569810455
37,qaanaaq,81.51033232027044,-78.11612136682811
38,yellowknife,74.20710537944211,-104.91642790205742
39,arraial do cabo,-40.98027397032523,-24.420003973257877
40,cape town,-57.74210609874581,0.0997916011276061
41,hermanus,-61.83513525671057,14.450519961442438
42,khatanga,69.26118015703835,100.02035774756058
43,cockburn town,24.940601502292765,-70.41498180161719
44,faanui,-1.1783982354210565,-152.77989431384484
45,krasnyy yar,57.62036943407918,84.72300066475759
46,ushuaia,-75.37828068339137,-63.50978237506308
47,rawson,-46.41652078219985,-59.13728784276995
48,poltsamaa,58.708937506545055,26.076093517871612
49,sosva,59.22180356106708,61.69751031962451
50,bluff,-83.26196514656041,162.5573784538899
51,hobart,-73.07270260324428,148.59921346604148
52,bathsheba,13.914595460971654,-50.95014794610006
53,fortuna,33.174478278528184,-140.99434948601507
54,camabatela,-8.654310003644952,15.614545554750435
55,ust-maya,60.67963966683209,133.64669195455127
56,port alfred,-79.61894455208576,45.90350651946693
57,nanortalik,59.633025435677524,-41.81972476060736
58,lagoa,43.08913092416276,-31.332740830399047
59,kruisfontein,-65.46291505621727,27.171513493132636
60,mataura,-78.99114182081257,-141.7458651926704
61,platanos,35.413642487182216,22.48587962810251
62,hithadhoo,-17.52489019188137,76.67582005491067
63,lavrentiya,73.08626842847664,-170.61200877079287
64,hovd,45.28591549943084,100.80157009749604
65,vaitupu,-8.787007960936421,-177.68867074909042
66,dalby,-26.952647345379432,150.99091166463256
67,hornepayne,49.18857941588789,-84.13897447614343
68,belyy yar,61.637961345012144,87.5052823214096
69,barrow,78.88686787114537,-165.8382340262823
70,henties bay,-23.669025600868665,7.608585949059915
71,taolanaro,-88.08678541587001,73.11408214727464
72,norman wells,80.50117828985131,-118.66266922748407
73,torbay,39.09910357632134,-47.14651179270541
74,guerrero negro,13.605206711793159,-130.2401585472613
75,flinders,-31.50002528138014,132.4236921242524
76,naze,23.792155168979818,137.6036651439291
77,kodiak,51.344924219127364,-151.1836921273985
78,srednekolymsk,69.58656799890394,155.78849626204658
79,tacoronte,29.71164916710076,-16.342971086821706
80,tessalit,21.741702037514628,1.6601876669499518
81,atuona,5.377693511319663,-144.2624455039917
82,tingo maria,-9.67067927198498,-75.42019244519443
83,yangcun,39.69153034258241,117.0918256589847
84,mys shmidta,88.98574483816944,-172.4223114664709
85,meadow lake,57.52352071848469,-108.56616398183095
86,filadelfia,-21.703247075688438,-61.00418985756788
87,bajil,15.602717968010992,43.754860008581545
88,castro,-43.50200652723581,-83.98086059070455
89,half moon bay,30.835472474666474,-137.57794580475357
90,jiuquan,38.93153410483015,98.41063176066655
91,brewster,41.95154174003366,-69.6312293859257
92,kutoarjo,-8.5282699742436,109.60610187054857
93,bredasdorp,-74.84531678631997,17.5276746220963
94,tuatapere,-54.52626687686147,161.40735729321466
95,hilo,4.109494124883696,-156.9388672475426
96,daura,11.224311750072687,11.77023665437136
97,chara,56.4759763168187,116.91003717815977
98,churachandpur,23.981693340838774,93.86666323209408
99,chuy,-41.593201947846886,-46.2455600523742
100,kysyl-syr,62.67575179627704,123.68607957979003
101,salalah,15.178342918222029,51.5385759802885
102,aranos,-23.488286456572425,18.49196888202772
103,san patricio,3.378185869797676,-116.43147441644274
104,westport,57.21552495193896,-12.497495264812699
105,sentyabrskiy,37.310843201351105,154.208955881515
106,albany,-87.73187603326772,117.94161062064393
107,klaksvik,66.77860825274743,-4.5543339855699685
108,saint-pierre,40.08402259344146,-54.80077397669983
109,mana,7.888939594676344,-53.73837765368357
110,atambua,-6.784007954719257,125.35014821642227
111,nikolskoye,33.731190728761845,178.78128177847725
112,mae hong son,19.917859036669597,98.03207900033158
113,provideniya,57.90144747303572,-173.36905757314867
114,faya,18.019132666171828,16.083195781017395
115,illoqqortoormiut,77.68383725923528,-16.880029468570058
116,vila velha,-24.69835012326503,-30.275798830410963
117,lensk,60.54039897448081,113.79660302673142
118,anadyr,67.42488370701614,175.79914423655106
119,georgetown,-19.495872268383906,-19.186353073184165
120,olafsvik,61.2612482793829,-30.737178024225926
121,mount gambier,-41.687308467553756,136.7600977294237
122,tochigi,36.414989295266636,139.724444287423
123,thilogne,15.459818667279862,-14.090463248756265
124,dzhusaly,47.279450649007885,64.59970518092959
125,barranca,-3.576306455217207,-76.7495291597626
126,pacific grove,26.51980774534013,-135.15825245261664
127,cabo san lucas,23.61408045885844,-108.76551314562535
128,vardo,86.60841485448233,36.19896015416103
129,tongliao,44.651113126836464,121.35286537135903
130,kavieng,0.9840901588658255,153.1491174729045
131,kazerun,29.000429456039086,52.01463580359453
132,chapais,57.301680143457304,-73.45080398317721
133,kumluca,34.413532712370625,29.88932955513843
134,makasar,-4.683714479908417,118.27314137603383
135,santa maria,16.491497522592965,-21.784715378854514
136,utiroa,-4.197709342450153,170.12615128786223
137,jalu,26.661079568193372,25.076915914643536
138,pires do rio,-17.22470327392277,-48.41975714756546
139,roma,-25.54543203324225,149.06105296291378
140,mount isa,-19.22392967268989,137.05666843649965
141,araceli,10.552087914010656,120.2001165237715
142,tasiilaq,60.66207674612997,-38.82479312466441
143,cherskiy,75.8546451838051,163.9282484047896
144,koutiala,12.532629975706627,-5.332737460262763
145,arman,57.44598969052973,149.85006687762916
146,murindo,7.081590367613742,-76.74937059710012
147,lebu,-36.5742234889516,-90.31553123669718
148,peace river,56.89314846172192,-116.54061222309602
149,acajutla,8.843447882975767,-91.63427472143364
150,bom jesus,-8.794036408484587,-45.369892583807
151,moussoro,13.802391081325496,17.024229967584034
152,nouakchott,18.13232420903205,-18.365890839138274
153,kodinsk,58.78104829634134,100.47987413245886
154,fort frances,48.230713814983005,-92.96903897710824
155,saleaula,-6.9320663608605315,-170.144588979851
156,vostok,49.208891706168515,146.2731552476431
157,atchison,39.55943134215974,-95.45495606392802
158,antibes,43.566043431374766,7.177422990042089
159,airai,11.101377526772524,140.46505504240218
160,ponta do sol,21.71820765219445,-41.180166790058706
161,new norfolk,-52.707788443230335,136.14537094340614
162,port blair,9.371243291205488,94.16260975105104
163,bluefield,37.19056464689379,-81.60310509892602
164,ponca city,36.581064122459225,-96.7704943979138
165,bambous virieux,-27.22488221782323,72.43580925687326
166,amderma,73.48685038110756,58.134820452187114
167,svobodnyy,51.42084856939928,127.76869836709267
168,ostrovnoy,74.0356123814179,42.93359693843502
169,broome,-15.483183670347628,120.84544225306797
170,kpandu,7.4412026001136695,-0.0815388140345874
171,carballo,46.52438879199721,-12.964810046402988
172,amli,58.590170752619485,8.069503850495266
173,tutoia,0.558403121861275,-41.42429658442765
174,seymour,38.83594011333744,-85.99949704693222
175,bandarbeyla,6.21629128044809,55.46361798394034
176,sao joao da barra,-28.578617819682364,-32.58227803805639
177,nizhneyansk,86.54677680829207,136.55907759830524
178,vilyuysk,63.48771005655405,121.10427540068684
179,hayato,31.495522859251736,130.8114227786815
180,dikson,77.73502724797044,75.19809856118326
181,port lincoln,-45.947628891069726,128.31917601252053
182,opuwo,-19.552555074758402,13.671546257468492
183,coahuayana,-0.8932003792049414,-113.39554199900387
184,breves,-1.5056753264803007,-50.30278307519882
185,mabaruma,9.853273179354218,-57.499462623767926
186,barentsburg,88.15480228753705,1.159135000814473
187,tarakan,3.3971474822284193,117.58129982488765
188,vitina,43.28663720821393,17.476820572339847
189,attawapiskat,60.21248990405553,-79.36409380313525
190,saint-philippe,-62.32703539749552,70.34748028120524
191,bor,37.835754569725324,34.60014257526342
192,lethem,4.564972840461365,-59.43394740060047
193,sal rei,15.509362340500488,-22.208477739343806
194,butaritari,19.565711801366263,160.66147283543148
195,nuuk,60.552214652186706,-56.46096006394647
196,hambantota,-5.434936425939924,87.19527259802777
197,richards bay,-31.77183437029754,38.32566162761893
198,sardarshahr,28.822916200868278,74.50676117983852
199,tayzhina,53.70456183766589,87.3947993900394
200,rocha,-39.6795100054123,-48.984261754525136
201,dovhe,48.38435799201133,23.322644926049037
202,wenatchee,48.090857372201214,-120.69399074896451
203,vestbygda,57.222244535736905,5.9709196825252775
204,walvis bay,-24.896180591950184,7.164848092730978
205,upernavik,71.3486458328382,-55.28539055240117
206,benidorm,38.308628983168376,-0.07916184011162386
207,mar del plata,-71.03976856103536,-20.69319094491135
208,miandrivazo,-19.43611798714464,44.79412807402127
209,tuktoyaktuk,78.87952515800487,-133.13551274847165
210,aswan,21.639730796286557,30.65790846246051
211,isla mujeres,24.44650776315096,-87.02890366925115
212,zhigansk,69.27269695722438,122.8746838978006
213,makakilo city,4.922870161346992,-167.17283499767206
214,bac lieu,6.135188542132084,107.61112729447359
215,ilulissat,75.03655928898996,-43.240137107045655
216,bethel,51.933098717347804,-160.33149532687395
217,nago,28.701565425659595,127.16786173118061
218,rey bouba,8.797517136156813,14.300843139165636
219,lompoc,24.22891853662769,-135.65102267178275
220,pandan,16.552078177641278,125.57463306188225
221,antalaha,-16.04962513667043,53.293000029009164
222,lata,-8.834967226702375,168.52971513566416
223,tecoanapa,14.83086234236329,-99.60608233245009
224,namatanai,-2.782303639560837,154.35987307756318
225,zhengjiatun,43.0017772188001,123.24284678021212
226,hami,41.30973988058577,92.81382272574388
227,tsihombe,-48.72828590913735,45.92877321100366
228,adrian,41.80476396403799,-83.9991383522643
229,baykit,61.56257655590531,97.1596097456856
230,okhotsk,59.198932908567656,144.67498920968774
231,nijar,36.93791475451073,-1.7685178486973427
232,touros,-1.9932325467796659,-34.039268078385106
233,maulvi bazar,24.52098013070173,91.95545974769095
234,urumqi,43.46491540345869,88.4559071849211
235,bida,9.321978668604928,5.787117658471118
236,necochea,-49.48624227675171,-53.90583694276836
237,inta,66.90468227336345,59.78711929018888
238,saldanha,-38.894570550685685,5.579720815436588
239,nueve de julio,-35.42340991301568,-60.9427893628837
240,kahului,31.491679142834798,-150.55711979772684
241,krasnovishersk,60.51198836707101,57.488513634238046
242,tiksi,80.28074164836008,130.03718368220365
243,chicama,-9.060451193230975,-81.89480131837763
244,nuevitas,21.84716883213767,-77.01816973612348
245,armacao dos buzios,-26.70049568670678,-35.69113640697512
246,thompson,60.483163070083094,-95.11002498528403
247,cap malheureux,-12.489068494333651,60.54628173437192
248,grand river south east,-20.449225434156773,65.57064651384752
249,takoradi,4.008775510233264,-1.4251235291840771
250,jarjis,33.7175375264689,11.757543287842964
251,talnakh,70.53309106313128,88.19191779150293
252,kerki,38.151314110146615,65.09035325407214
253,marawi,20.458952441902582,25.906832013208287
254,longyearbyen,86.86061134151979,14.778435274608768
255,kipushi,-12.055546751204531,26.94751650437783
256,yulara,-27.19751043189573,133.7321010524729
257,maple creek,50.319828766729614,-109.345727440051
258,lixourion,37.359043154784686,19.802916437608104
259,saint george,36.373377190741536,-113.45643266897703
260,keti bandar,22.737026876270406,65.52660447333756
261,beira,-21.108787012514597,36.68856289528699
262,dingle,52.14810827299689,-20.90574068561901
263,kapaa,23.574843991270455,-161.69062842011846
264,nokaneng,-19.909552486609215,22.02259726376016
265,ishigaki,24.981627666154324,124.3722719766505
266,el estor,15.711495667989254,-89.11173785337937
267,cartagena del chaira,0.6970069141508191,-74.11378964381473
268,shiozawa,36.900397271252004,138.9637511260134
269,mango,10.73405331466192,0.7494984243216152
270,tigil,57.45708459947605,159.69724370339736
271,umzimvubu,-35.438739032400505,33.67159568327938
272,burica,3.888700108226999,-84.07010541493854
273,biak,-0.5469310667645857,137.62062846703913
274,port lavaca,28.559707440000764,-96.88987227458585
275,bargal,10.422110328721132,51.53529741609296
276,madimba,-8.583052407264702,42.50503238675128
277,te anau,-43.90770989618587,159.33001842188975
278,luderitz,-29.83129860212687,0.9864102940744317
279,warrnambool,-40.17935752201023,142.06574765108354
280,iqaluit,59.67134180519028,-76.00370449377907
281,ancud,-39.54293964810876,-83.90219467207736
282,yaya,56.25903687187102,86.50200490563805
283,antofagasta,-23.21921842702072,-77.53519279291898
284,skagastrond,65.881755570883,-20.467780894343463
285,taybad,33.933398568715916,60.44286493536461
286,tiruchchendur,8.379153731312115,78.74822373334086
287,codrington,25.72221970693238,-58.175382888822426
288,general higinio morinigo,-25.863444823364148,-55.740090213773385
289,sakakah,30.83494480116812,42.15753309443832
290,grenfell,50.28983861402182,-102.49994646616703
291,ebetsu,43.110392453955285,141.48099575706362
292,nhulunbuy,-11.527305099342001,137.589408502676
293,kidal,18.04386267949637,2.135958114092091
294,east london,-43.22151580382599,37.334732414726176
295,saint-joseph,-31.80948889038725,55.01572700697437
296,katsuura,29.249139577457882,142.23647789937831
297,constitucion,-33.1343096656576,-76.57261884448462
298,saint-leu,-22.97817611172728,51.9655455832677
299,krasnyy kut,50.96642005785327,47.027652365222934
300,sampit,-1.810313179579552,112.46333228156908
301,oranjemund,-34.149908621129235,6.726102566021666
302,carlisle,40.5185959592888,-77.33870597207019
303,pisco,-19.093573510694313,-87.49175977063328
304,sao filipe,15.475077586189698,-24.919518392338915
305,stornoway,58.959399003804805,-6.478707646405752
306,gambela,7.887620273394461,34.45012637536291
307,mareeba,-15.820336446582232,143.61378602070454
308,mahebourg,-43.569637159880415,73.79932437825994
309,ahar,38.60561359888297,47.57452894825272
310,weiser,44.38635097769401,-116.95064880237447
311,birjand,33.032002276981174,58.85867348964149
312,phalombe,-15.504230817762917,36.033722503815255
313,marcona,-23.554579767662148,-84.21210846065183
314,saskylakh,80.69775289581969,115.92569517642482
315,svetlogorsk,65.98139587580167,89.90180767119477
316,severo-kurilsk,41.58736813759103,159.02175750336977
317,koumac,-22.777037559131642,161.21011075224635
318,villamontes,-20.957072068653147,-63.462007753725146
319,nabire,-3.9544153094635845,137.11228696636522
320,twin falls,41.999467567170115,-114.50201551345876
321,san javier,-16.235907266287057,-62.18393174567288
322,porto santo,32.32793149171911,-13.223444830849019
323,menomonie,45.417114869811456,-91.87130441952233
324,patabog,13.417721583455332,122.4544033313918
325,christchurch,-44.108946294934526,173.7991483141845
326,narsaq,80.26091999106558,-66.77085771498162
327,seddon,-42.00063971097594,174.3957719434128
328,port elizabeth,-87.37352604367278,38.47227574802051
329,luena,-11.581082505499737,19.809113911344525
330,krasnoborsk,61.36475191076207,45.65640325958819
331,fare,-11.092599865738961,-147.9773741625227
332,caravelas,-19.59133465153937,-33.6864595337093
333,alotau,-8.506583010456694,150.29758263585404
334,batagay,66.5657798383352,136.3371024171546
335,vidim,56.52703241262884,102.3833914804784
336,esperance,-28.027971186217307,121.3157208134752
337,bur gabo,-1.0583154496754048,41.18918182686858
338,beringovskiy,48.57673746426096,179.26894207710518
339,abha,19.008095914406837,42.15933174760923
340,seoul,34.7000746083678,125.81324316665592
341,hasaki,33.04622313974561,143.36459768092215
342,tonj,6.652626594398484,29.367888216971465
343,najran,17.628467730878924,45.191882968476335
344,naryan-mar,68.17928539197959,51.35231072833918
345,utete,-8.320597034909383,38.540018038893066
346,katherine,-15.980364281493578,132.03634009893818
347,hofn,57.65895944204263,-16.292848884831614
348,price,38.74676789092729,-111.46175499418467
349,fort-shevchenko,44.70128487446186,50.17302934290973
350,pontianak,0.4887244076939936,109.66228231372025
351,quatre cocos,-14.459853543349226,70.32073610676463
352,adrar,30.595842911036243,-0.28917433252195224
353,jardim,3.887179997979203,-33.69146913349931
354,sinnamary,12.038883347414824,-50.24200580631219
355,itupiranga,-6.219846151000539,-50.29375804309012
356,ponoka,52.589099743624075,-113.35295104209462
357,shimoda,22.469367826596425,141.90553126987038
358,nelson bay,-34.9826757757469,154.39764692307847
359,cidreira,-57.67114698404893,-23.690825981326185
360,husavik,73.13843913937365,-10.385921817688256
361,loreto,10.613154039085131,125.65054854452069
362,praxedis guerrero,31.18390776603289,-106.33849897701323
363,turukhansk,64.81617738472755,88.41813968592203
364,mahabad,36.79231386910453,45.75657967471059
365,barreirinha,-2.764799433467644,-57.21290604790953
366,riyadh,21.16055303040345,46.98464001194864
367,yar-sale,71.76791249023381,70.57125561490085
368,lakota,5.589583418459611,-5.573230712714462
369,lasa,29.434982614210497,90.0369937604384
370,acapulco,9.773935373076455,-103.78444556677105
371,maniitsoq,66.39223600876042,-51.40551309548718
372,vila franca do campo,32.142515786026706,-23.67334410446773
373,sitka,51.22005293640066,-137.41357430214947
374,tumannyy,72.44397598816585,35.521761224331385
375,baijiantan,45.49282267523495,85.58582973674226
376,cam ranh,11.952500238045303,108.86190526919597
377,kondinskoye,60.82733351823342,68.17472779754758
378,ecuandureo,20.19574711132921,-102.15784300472333
379,ercis,39.28689756992267,43.661263609483456
380,taunggyi,21.074143375445345,97.51479139225842
381,mitsamiouli,-8.332530931007483,46.03336022769341
382,facaeni,44.5705983181646,27.895583168114683
383,ngerengere,-7.0809863269583815,38.13457780668611
384,tooele,40.00469208849793,-112.47512817505392
385,acarau,8.617338260343217,-39.38764603528858
386,linchuan,27.28976799636736,116.66430523932297
387,dzaoudzi,-12.281693736138592,46.85372550925754
388,taupo,-38.839268578204525,176.23664168556564
389,melioratorov,57.509520245045024,65.4323412746918
390,taoudenni,22.538634752228248,-4.141250983331673
391,leningradskiy,89.49780566561,176.64621419890307
392,umm lajj,26.541753956566367,40.18088052464972
393,mecca,20.705349535076635,41.97718695440585
394,pedernales,16.72620492697216,-72.09960018648542
395,navirai,-23.26398239646035,-54.00781075994375
396,marsaxlokk,34.49545768489568,16.67384413853418
397,maamba,-17.78351658014421,27.393285159457292
398,sabratah,33.13407950086365,12.408228262111237
399,manuk mangkaw,3.7339477925607696,120.79436840213015
400,ossora,59.93092967951932,163.59446063452322
401,karamea,-38.44462519178086,170.42841222719164
402,kluczbork,51.02143893497612,17.998586295874134
403,tautira,-19.134696911387167,-145.92547529882472
404,wlodawa,51.487079980932776,23.840360045254528
405,yamada,38.699015212576455,144.9871430909326
406,hokitika,-42.01544959264658,169.44875155970607
407,asfi,32.73093655728307,-9.899571397504786
408,chifeng,44.289132672065364,119.44479240467803
409,erdenet,47.69277109281737,104.75475706492841
410,tabuk,28.043907318431422,37.37792775003973
411,teguldet,57.39456799395231,88.14663460861897
412,toliary,-22.243026690284154,40.973529140697366
413,granada,11.877189905125519,-85.8839386164015
414,port macquarie,-32.828006278435886,155.07426608371668
415,laguna,-34.5303495037933,-41.06366389145472
416,samusu,-5.734849018267184,-164.44483045693363
417,slave lake,55.73124043065013,-114.162055716092
418,kaitangata,-59.8964009127824,172.4211613930628
419,bilibino,69.48956242841948,166.05907545245026
420,huarmey,-16.652217267122637,-91.28094725052198
421,gazli,41.14269617696391,63.98003434097427
422,aksu,38.15268711165177,80.64221165209256
423,carahue,-38.72955943825127,-73.08948077401357
424,shumikha,55.109322202468036,63.11794136888287
425,komoro,36.31851532253472,138.49999660253394
426,poronaysk,49.992430448701924,144.8069482323993
427,sambava,-13.550949628358893,51.41958815336133
428,hirara,22.425947830356776,127.32466749236187
429,florianopolis,-28.059989014368952,-44.224460817477535
430,asau,-13.098593600834377,174.9137356651998
431,zamosc,50.479940330017314,23.093984867408153
432,rio claro,10.368012164550848,-60.88707390035307
433,warqla,30.162857041344054,5.5632946670430385
434,le port,-18.806248138961195,54.68686693137096
435,ziro,28.50243975114776,93.52104026085613
436,mackenzie,55.682590266909585,-124.22041303238805
437,totness,7.153229447087924,-56.008062407700024
438,oga,40.38689245916336,138.79165077177845
439,tilichiki,58.87830893150857,172.00708422895775
440,delta,32.031514651666754,-115.52557840844034
441,westerland,54.67716259021415,7.599126788240369
442,sola,-14.55893167132848,173.17092487041577
443,mushie,-3.633894345765171,16.782254780086618
444,singleton,-32.866443410058615,150.92035641550876
445,sandwick,58.743731227341016,0.06087528002217368
446,strand,68.98245819948198,15.528092955442844
447,presidencia roque saenz pena,-26.087557403913102,-60.145979149190225
448,kropotkin,59.22238004625666,116.24487005189684
449,bilma,17.793468477614738,15.292899992167207
450,kangaatsiaq,68.88018920209342,-56.045844221443645
451,galle,2.4462931029578954,78.4414283118441
452,ketchikan,54.91273954667142,-133.34337359863773
453,mogzon,50.991593868473785,111.75535599798332
454,ontario,42.90513780867684,-118.63855153529991
455,agde,42.886312367888735,3.6516026698821236
456,kifri,34.575281716790286,45.23413147416662
457,igarka,67.8535405606163,84.36879001526086
458,mandurah,-32.442873151093714,113.92959960200915
459,caceres,-16.092575671305795,-58.04679841249613
460,ayios andreas,37.33122139830547,22.91745701750125
461,astoria,45.836742966326995,-125.49133214080436
462,belem,-1.427124605574079,-48.46512827119258
463,gushikawa,19.944316515265157,137.87921112884123
464,margate,-38.04806618538553,40.7221375088435
465,montepuez,-12.26622927713646,39.43220584130279
466,the valley,23.683647572029315,-62.687827059857284
467,juanjui,-7.141529779848412,-76.65234418345278
468,vao,-30.472003643646495,165.37945543336878
469,tidore,0.8108018960546559,129.37140122092268
470,dauphin,51.51953249988006,-100.02141263185399
471,plettenberg bay,-40.296116017234276,23.450064555029996
472,andenes,72.63472511442438,14.435909578077485
473,alikalia,9.03719619685559,-11.279574364063592
474,babanusah,12.245185215136672,27.81731736874235
475,tarko-sale,63.8697316659335,77.64514341105689
476,harper,1.5944247848198927,-8.094643536407261
477,maceio,-17.352081397062193,-27.53620862118396
478,cayenne,16.86913474423082,-42.525849283968796
479,marzuq,24.116214298775716,14.560327818843689
480,ugep,5.752114113338067,8.316411883616126
481,san cristobal,-0.748833852028568,-87.32759532890749
482,pangnirtung,62.88975736305929,-62.41328820708533
483,ialibu,-6.769577011862808,143.66862292350447
484,ponta delgada,33.7780224396129,-27.89755105155649
485,ust-uda,54.11410773968865,102.63404493959678
486,karratha,-15.609298648067792,111.68608149150009
487,yenagoa,4.7860068102052225,5.807718646855989
488,abu samrah,22.870222467871557,49.97330255093323
489,yakeshi,47.63868594298262,120.851153356049
490,yerbogachen,65.64979525276956,105.6052572510518
491,gardez,33.56790410335003,69.54038547334287
492,dire,12.388216098510725,-11.09470534592748
493,vanimo,2.6664565944445116,141.22056876123816
494,broken hill,-27.71867537361115,140.13486141117335
495,hastings,39.85329875483279,-98.63696972381882
496,ahtopol,42.08656935670672,28.44527132485416
497,port hedland,-19.643579024735047,120.36688628303654
498,nome,63.024404968093364,-165.5358188713038
499,annau,38.014277793219094,59.19786766223734
500,belmonte,-17.816720821964253,-31.470193816795017
501,vestmanna,63.35601546533604,-7.290009514271077
502,victor harbor,-36.81737203939814,139.42788978563726
503,prince rupert,45.672206837236416,-138.09703184499983
504,dali,26.323113476721048,99.40729330872688
505,san juan de colon,8.003220877994451,-72.03555605082276
506,danville,36.78945488817408,-79.57502907141465
507,udachnyy,66.56432973581192,113.12899262137154
508,hihifo,-17.35855619486911,-171.74319588347373
509,hobyo,4.714184113155454,49.74108522634339
510,harlingen,53.717595095165194,5.15586054858116
511,kozachi laheri,46.947109746062154,33.02944954025821
512,nguru,12.326704785436391,10.691555200488239
513,aklavik,73.04015042764837,-137.5597573877689
514,formosa,-25.210734386416547,-59.28087401717379
515,huadian,42.933420051969875,126.48083777094473
516,baruun-urt,47.048465597922245,113.50204408121488
517,ondjiva,-16.14423587435725,16.188899275771263
518,severo-yeniseyskiy,60.5558035513161,94.64268299718299
519,labuhan,-11.029879163470596,101.28131954729781
520,anshan,40.993900363605405,123.29006960229873
521,manoel urbano,-9.42980680477018,-69.85592072960112
522,requena,-6.382073722463375,-73.78125444009062
523,bergama,39.130042282441735,27.341037845905106
524,vikhorevka,56.413185259370266,100.41356572142388
525,vilcun,-38.35901505491314,-70.76432653623537
526,rio gallegos,-50.08982690256996,-70.51273834825317
527,san andres,13.628101909224426,-81.68941047192772
528,sept-iles,50.93434716585364,-66.2239247938084
529,verkh-chebula,55.97083577015238,87.42378171345342
530,morondava,-20.825906707463105,40.53930242436323
531,nemuro,33.73350937932965,152.49928949094988
532,la ronge,61.80614934973252,-104.85202470193383
533,benicarlo,40.24211706528507,0.9913643846944638
534,charters towers,-20.098373511031312,144.97681054040288
535,nyurba,65.42360390167886,118.95823917578133
536,wanning,19.05209767062854,110.32748320141701
537,guangyuan,32.20469727365668,106.05143601523957
538,isangel,-17.94368825719164,177.46866831967543
539,xilagani,40.84915905803595,25.405523786385828
540,tasbuget,45.76152407069475,65.46456125365253
541,olinda,-10.220923274193552,-24.699732985742628
542,zhicheng,30.045801865721728,110.95228405709884
543,miracema do tocantins,-9.417293154558791,-47.713204287542
544,arawa,-3.257428210144411,155.37528464501844
545,palabuhanratu,-19.802914270322603,98.83035613608695
546,bronnoysund,66.25092890539938,11.432518554621169
547,omsukchan,62.20484291426288,156.76600504998243
548,hamilton,28.631995779022958,-66.30306634987659
549,qaqortoq,62.99800301895516,-47.17869958096145
550,sterling,58.005133264475944,-148.59804359967555
551,mergui,11.487752336550116,97.00557032398984
552,bowen,-18.10442404399072,150.77069337328362
553,ornskoldsvik,65.72503420592673,18.44477860402941
554,korla,36.71844237896853,88.12098734809825
555,iskateley,67.20714161966188,55.41994538514359
556,talcahuano,-31.603228448066908,-82.23348109828501
557,carros,43.77743216814389,7.241036787883161
558,labytnangi,71.21681192018829,67.17375863523193
559,muros,43.159550447570865,-15.059648448763511
560,marsa matruh,32.44172135394554,27.661576071297873
561,kaffrine,14.082498554076025,-15.588527205166997
562,syriam,16.708153319170563,96.34510269883691
563,paamiut,61.15368218938036,-48.943401230859536
564,pali,25.84811689383298,73.05777199272885
565,grindavik,61.25944191632584,-21.975579649430728
566,sobolevo,53.64493863386602,153.43681096577427
567,vikulovo,57.205543864594716,70.69636675802136
568,vanavara,61.29207504917744,104.33312179175056
569,barreirinhas,-2.4702915639725234,-43.05446695465412
570,kiunga,-5.6418693399969015,140.60333533098776
571,yatsuo,36.42877563448607,137.15962106073175
572,shingu,29.93220516917721,136.49595065621497
573,camopi,2.1993363779748307,-52.12214307391609
574,cervo,47.009743626212554,-8.385375647738385
575,nouadhibou,19.113216763972986,-18.852216043824285
576,krasnoselkup,64.33369319325888,82.27173763185539
577,nizhnevartovsk,59.16075798432203,76.11708814940181
578,preobrazheniye,41.35191892171588,133.86486350074284
579,cape elizabeth,43.05258775967093,-69.94795537115192
580,zatyshshya,47.29471054827738,29.919486860898246
581,palmer,54.86348708822351,-145.0578081506073
582,terrace,54.58258467278799,-128.97036816081263
583,kattivakkam,12.334714338278715,84.86806667115098
584,tazovskiy,69.77693664920758,75.85026405237372
585,buta,3.6537892517555832,24.751718249648462
586,moranbah,-21.673470096422605,147.6047209104691
587,hay river,61.69133902922195,-116.61699510561714
588,haines junction,60.591392496985065,-138.22642688136938
589,lolua,-10.262803185357185,173.83500088112118
590,gboko,7.1446411424783065,9.197219203235619
591,champasak,14.134888709683338,105.94234114911342
592,dalvik,67.33520613318254,-19.485075407753072
593,tagusao,12.551904108167108,114.69976562788804
594,beyneu,47.158852746815455,55.449823158904735
595,storslett,69.03175838655051,21.1093654565191
596,tshikapa,-6.284209829896682,20.583571370718317
597,thinadhoo,1.4603718938229235,69.36612096365272
598,laiwu,36.25672335790745,117.75796685451508
599,tiznit,28.02392816587627,-7.711393324976228
600,kupang,-13.209453798875828,125.0568031417314
601,inhambane,-25.95040365027708,36.179381342753175
602,dunedin,-52.838628066611186,179.5128869789899
603,kananga,-6.4404664053340355,22.385923448154074
604,kozhva,65.19743636061258,56.415216781415154
605,evansville,37.982775581225184,-87.67133060375042
606,kavaratti,12.695013577760946,67.50544071809693
607,portland,-47.16351204002868,136.82371511605766
608,marsh harbour,28.89755505870818,-76.5059467432725
609,nefteabad,40.19512897496398,70.52759452988238
610,manggar,-1.959228272729689,109.53391355168043
611,lesogorsk,55.90374213050845,99.45154644924423
612,jaysingpur,16.76550494599462,74.67116654142086
613,sabha,31.78935795275656,36.957206934446475
614,gashua,13.116039660021826,11.022892760258827
615,lanzhou,35.379410698266895,104.75823796826722
616,kununurra,-15.3894613496267,128.08675747490759
617,dillon,44.99385657688302,-112.83721194560916
618,kabalo,-5.983898997522658,26.970873038836004
619,dzhebariki-khaya,61.29998213073583,136.29451954971682
620,chimbote,-11.136509431587385,-82.45472154452149
621,los llanos de aridane,28.90949223143471,-23.822579630854392
622,mukono,0.28287750996088334,32.737974985795404
623,pahrump,38.12110622645562,-115.99405099939949
624,lushnje,40.961582011527724,19.617765287627094
625,launceston,-41.16912394492325,152.381461211148
626,alpena,44.97069264019322,-83.28015045660231
627,oranjestad,12.525259425018433,-69.79226690913423
628,itabira,-19.635069647293165,-43.45084832331068
629,guarapari,-23.264985550558293,-37.007004384576504
630,kenitra,34.77298146776157,-6.357651735848293
