,City,Latitude,Longitude,Max Temperature (Â°C),Humidity (%),Cloudiness (%),Wind Speed (MPH),Country,Date
0,cockburn town,21.4612,-71.1419,28.14,79,2,8.84,TC,1658863328
1,upernavik,72.7868,-56.1549,3.63,89,100,5.13,GL,1658863132
2,bluff,-46.6,168.3333,7.11,89,100,10.04,NZ,1658863331
3,albany,42.6001,-73.9662,25.2,52,100,3.58,US,1658863276
4,bathsheba,13.2167,-59.5167,30.34,76,20,9.26,BB,1658863333
5,qaanaaq,77.484,-69.3632,6.75,61,53,1.43,GL,1658863334
6,chokurdakh,70.6333,147.9167,6.56,67,98,5.05,RU,1658863336
7,umm kaddadah,13.6017,26.6876,33.81,32,100,5.74,SD,1658863337
8,pucara,-15.9803,-71.4606,7.07,31,95,4.38,PE,1658863338
9,punta arenas,-53.15,-70.9167,4.01,70,75,6.17,CL,1658863340
10,lachhmangarh,27.8214,75.0251,27.58,79,20,2.66,IN,1658863341
11,dikson,73.5069,80.5464,8.1,87,100,12.43,RU,1658863342
12,popondetta,-8.7537,148.2534,21.54,93,79,1.62,PG,1658863344
13,boguchany,58.3814,97.4531,13.88,98,100,3.84,RU,1658863345
14,beysehir,37.6773,31.7246,20.31,41,0,3.05,TR,1658863346
15,khatanga,71.9667,102.5,18.27,60,54,3.94,RU,1658863348
16,berlevag,70.8578,29.0864,16.89,88,100,1.03,NO,1658863319
17,port lincoln,-34.7333,135.8667,10.61,81,100,4.91,AU,1658863230
18,georgetown,5.4112,100.3354,27.96,88,20,2.57,MY,1658863240
19,narsaq,60.9167,-46.05,14.12,80,60,2.51,GL,1658863352
20,portland,45.5234,-122.6762,34.87,44,0,3.6,US,1658862905
21,qostanay,53.1667,63.5833,20.16,73,40,7.0,KZ,1658863355
22,launceston,-41.45,147.1667,4.78,94,75,0.0,AU,1658863356
23,zhigansk,66.7697,123.3711,16.73,68,70,1.17,RU,1658863150
24,jamestown,42.097,-79.2353,26.68,52,40,4.12,US,1658863358
25,bredasdorp,-34.5322,20.0403,10.72,90,100,2.78,ZA,1658863108
26,hithadhoo,-0.6,73.0833,27.33,76,100,5.42,MV,1658863361
27,ibra,22.6906,58.5334,26.95,73,100,5.04,OM,1658863362
28,nanortalik,60.1432,-45.2371,7.85,88,78,2.27,GL,1658863363
29,kapaa,22.0752,-159.319,28.18,73,75,7.2,US,1658863118
30,avesta,60.1455,16.1679,16.33,67,100,3.54,SE,1658863366
31,ushuaia,-54.8,-68.3,3.79,60,20,4.12,AR,1658863152
32,parabel,58.6978,81.4825,15.21,90,38,3.56,RU,1658863368
33,hokitika,-42.7167,170.9667,8.54,79,91,2.84,NZ,1658863369
34,victoria,22.2855,114.1577,30.21,77,0,4.02,HK,1658863179
35,blytheville,35.9273,-89.919,36.7,62,75,5.14,US,1658863372
36,saint-philippe,-21.3585,55.7679,19.01,81,4,4.1,RE,1658863373
37,eregli,37.5133,34.0467,21.57,37,0,0.91,TR,1658863374
38,ancud,-41.8697,-73.8203,11.79,84,83,3.9,CL,1658863195
39,montbrison,45.6667,4.0833,23.19,48,0,5.07,FR,1658863377
40,panguipulli,-39.6333,-72.3333,8.5,97,100,1.67,CL,1658863378
41,rikitea,-23.1203,-134.9692,24.02,76,100,6.08,PF,1658863379
42,balkanabat,39.5108,54.3671,31.49,40,14,1.9,TM,1658863380
43,busselton,-33.65,115.3333,9.68,83,0,2.96,AU,1658863140
44,luderitz,-26.6481,15.1594,13.59,80,39,2.13,NA,1658863146
45,havoysund,70.9963,24.6622,16.13,88,100,4.36,NO,1658863384
46,mar del plata,-38.0023,-57.5575,14.01,96,100,2.68,AR,1658863178
47,hjelset,62.7833,7.4833,10.88,87,75,4.63,NO,1658863386
48,chuy,-33.6971,-53.4616,18.08,87,90,2.54,UY,1658863388
49,new norfolk,-42.7826,147.0587,6.72,87,87,1.3,AU,1658863389
50,hambantota,6.1241,81.1185,25.72,85,100,1.6,LK,1658863162
51,coquimbo,-29.9533,-71.3436,14.85,72,0,4.63,CL,1658862797
52,hilo,19.7297,-155.09,27.93,91,100,1.79,US,1658863102
53,waipawa,-41.4122,175.5153,9.23,97,100,4.21,NZ,1658863394
54,iqaluit,63.7506,-68.5145,10.85,76,20,3.6,CA,1658863395
55,zhoucheng,35.9122,116.3117,23.25,93,0,1.32,CN,1658863396
56,una,20.8167,71.0333,27.03,85,85,4.6,IN,1658863397
57,kharp,66.8014,65.8081,9.68,89,100,4.29,RU,1658863399
58,tiksi,71.6872,128.8694,10.81,83,55,1.18,RU,1658863400
59,baruun-urt,46.6806,113.2792,14.76,80,72,2.25,MN,1658863144
60,atuona,-9.8,-139.0333,25.18,74,9,7.86,PF,1658863148
61,fortuna,40.5982,-124.1573,22.18,71,39,0.89,US,1658863404
62,marawi,7.9986,124.2928,20.5,92,100,1.44,PH,1658863405
63,castro,-24.7911,-50.0119,22.73,44,0,1.93,BR,1658863137
64,tutoia,-2.7619,-42.2744,27.82,62,12,4.05,BR,1658863407
65,cayenne,4.9333,-52.3333,31.02,19,75,3.6,GF,1658863409
66,port alfred,-33.5906,26.891,17.83,59,0,4.69,ZA,1658863410
67,hermanus,-34.4187,19.2345,11.0,88,100,3.06,ZA,1658863411
68,vostok,46.4856,135.8833,15.78,97,0,1.1,RU,1658863413
69,bethel,41.3712,-73.414,28.52,50,40,2.57,US,1658863173
70,mahebourg,-20.4081,57.7,21.16,83,40,3.09,MU,1658863415
71,beloha,-25.1667,45.05,16.22,76,0,1.35,MG,1658863416
72,gushikawa,26.3544,127.8686,26.57,94,0,1.54,JP,1658863418
73,saskylakh,71.9167,114.0833,18.11,89,42,1.72,RU,1658863420
74,kargil,34.5667,76.1,16.5,59,100,1.09,IN,1658863421
75,talnakh,69.4865,88.3972,12.34,77,5,1.46,RU,1658863143
76,vilhena,-12.7406,-60.1458,31.12,29,40,5.14,BR,1658863426
77,kodiak,57.79,-152.4072,12.73,62,0,0.0,US,1658863427
78,cape town,-33.9258,18.4232,14.04,81,20,2.57,ZA,1658863313
79,lerwick,60.1545,-1.1494,11.0,75,4,5.68,GB,1658863429
80,chuhar kana,31.75,73.8,29.9,70,94,3.45,PK,1658863431
81,simao,22.7886,100.9748,18.67,87,95,0.41,CN,1658863432
82,ixtapa,20.7,-105.2,30.68,74,100,4.12,MX,1658863433
83,ribeira grande,38.5167,-28.7,25.22,83,20,5.14,PT,1658863142
84,alofi,-19.0595,-169.9187,18.94,94,47,1.03,NU,1658863437
85,yakovlevka,44.425,133.4772,18.76,97,27,0.83,RU,1658863438
86,barsi,18.2333,75.7,24.14,84,100,2.28,IN,1658863439
87,guayabal,5.031,-74.8868,31.54,54,57,0.4,CO,1658863441
88,thompson,55.7435,-97.8558,18.09,72,75,3.09,CA,1658863442
89,abeche,13.8292,20.8324,28.87,58,100,6.61,TD,1658863443
90,ambon,-3.6954,128.1814,26.24,14,40,3.09,ID,1658863445
91,banikoara,11.2985,2.4386,26.65,72,50,1.73,BJ,1658863446
92,arraial do cabo,-22.9661,-42.0278,23.98,73,20,8.23,BR,1658863447
93,klaksvik,62.2266,-6.589,11.51,75,91,4.27,FO,1658863449
94,shelburne,44.0787,-80.2041,23.46,38,0,3.5,CA,1658863450
95,la chaux-de-fonds,47.0999,6.8259,19.38,63,67,1.03,CH,1658863451
96,iquitos,-3.7481,-73.2472,27.02,89,75,3.6,PE,1658863452
97,barrow,71.2906,-156.7887,2.01,93,100,6.69,US,1658863455
98,oktyabrskiy,54.4815,53.471,18.08,91,50,2.04,RU,1658863456
99,cidreira,-30.1811,-50.2056,17.86,86,13,5.48,BR,1658863459
100,la ronge,55.1001,-105.2842,17.12,82,75,5.66,CA,1658863460
101,codrington,-38.2667,141.9667,9.99,94,36,4.09,AU,1658863461
102,fairbanks,64.8378,-147.7164,14.0,55,75,8.23,US,1658863359
103,nikolskoye,59.7035,30.7861,24.37,70,83,3.09,RU,1658863463
104,puerto ayora,-0.7393,-90.3518,25.98,86,100,3.58,EC,1658863467
105,mataura,-46.1927,168.8643,6.93,97,100,3.42,NZ,1658863469
106,cherskiy,68.75,161.3,5.63,68,4,4.34,RU,1658863471
107,la paz,-16.5,-68.15,16.99,31,20,4.12,BO,1658863350
108,metro,-5.1131,105.3067,22.85,94,90,2.17,ID,1658863473
109,danielskuil,-28.1887,23.5395,14.45,48,8,5.9,ZA,1658863474
110,pisco,-13.7,-76.2167,18.03,77,20,3.6,PE,1658863476
111,fare,-16.7,-151.0167,25.12,74,68,3.43,PF,1658863478
112,yellowknife,62.456,-114.3525,21.29,49,20,2.06,CA,1658863293
113,makakilo city,21.3469,-158.0858,27.18,65,100,6.69,US,1658863480
114,adilabad,19.6667,78.5333,24.6,90,100,2.22,IN,1658863482
115,whitehorse,60.7161,-135.0538,22.43,49,75,6.69,CA,1658863483
116,kassala,15.451,36.4,26.73,73,100,6.77,SD,1658863484
117,leon,21.1167,-101.6667,26.75,45,86,1.7,MX,1658863382
118,monrovia,6.3005,-10.7969,26.87,82,66,3.57,LR,1658863370
119,caravelas,-17.7125,-39.2481,23.96,68,1,3.28,BR,1658863489
120,hofn,64.2539,-15.2082,10.09,90,99,1.29,IS,1658863490
121,port macquarie,-31.4333,152.9167,9.38,65,0,5.21,AU,1658863491
122,linqiong,30.4159,103.4609,30.9,88,27,1.34,CN,1658863493
123,butaritari,3.0707,172.7902,27.53,75,12,7.99,KI,1658863494
124,noumea,-22.2763,166.4572,20.0,99,0,2.82,NC,1658863495
125,warman,52.3168,-106.5679,22.27,43,75,6.69,CA,1658863391
126,sampit,-2.5333,112.95,22.65,99,96,0.69,ID,1658863499
127,souillac,-20.5167,57.5167,21.21,83,40,3.09,MU,1658863500
128,castelo do piaui,-5.3222,-41.5525,35.79,19,100,1.94,BR,1658863501
129,arlit,18.7369,7.3853,39.79,10,53,4.73,NE,1658863503
130,clyde river,70.4692,-68.5914,4.13,100,75,5.14,CA,1658863504
131,kralendijk,12.15,-68.2667,30.99,66,40,7.72,BQ,1658863415
132,vaini,-21.2,-175.2,22.09,88,20,2.57,TO,1658863507
133,hobart,-42.8794,147.3294,6.92,95,54,1.54,AU,1658863509
134,tura,25.5198,90.2201,22.44,89,20,1.13,IN,1658863238
135,nuuk,64.1835,-51.7216,8.34,81,75,2.06,GL,1658863511
136,avarua,-21.2078,-159.775,22.03,64,40,6.17,CK,1658863512
137,meulaboh,4.1363,96.1285,23.47,94,100,3.11,ID,1658863514
138,siocon,7.7061,122.1353,26.13,89,100,2.21,PH,1658863516
139,algiers,36.7525,3.042,27.9,61,20,2.06,DZ,1658863281
140,port elizabeth,-33.918,25.5701,17.58,49,10,1.59,ZA,1658863519
141,iquique,-20.2208,-70.1431,16.02,71,58,4.71,CL,1658862973
142,boa vista,2.8197,-60.6733,30.99,62,40,5.14,BR,1658863483
143,sinnamary,5.3833,-52.95,28.27,74,55,3.32,GF,1658863523
144,banda aceh,5.5577,95.3222,25.58,83,100,3.65,ID,1658863524
145,saint george,37.1041,-113.5841,32.57,46,0,1.34,US,1658863250
146,kloulklubed,7.0419,134.2556,23.28,71,100,1.21,PW,1658863527
147,isangel,-19.55,169.2667,22.96,87,94,6.13,VU,1658863528
148,hudiksvall,61.729,17.1036,17.03,74,10,3.12,SE,1658863529
149,kalga,50.9251,118.898,16.29,99,100,1.39,RU,1658863531
150,buchanan,5.8808,-10.0467,24.25,83,93,3.61,LR,1658863532
151,puerto colombia,10.9878,-74.9547,28.82,73,100,2.95,CO,1658863533
152,bundaberg,-24.85,152.35,12.34,72,0,1.79,AU,1658863535
153,west wendover,40.7391,-114.0733,33.56,10,0,4.63,US,1658863536
154,cotonou,6.3654,2.4183,24.99,88,40,6.17,BJ,1658863537
155,santa rosa,14.3122,121.1114,26.17,88,100,0.99,PH,1658863270
156,wukari,7.85,9.7833,24.44,84,72,2.24,NG,1658863540
157,northam,51.0333,-4.2167,17.99,69,0,4.73,GB,1658863541
158,east london,-33.0153,27.9116,17.81,58,5,4.71,ZA,1658863333
159,sao filipe,14.8961,-24.4956,25.77,81,99,2.11,CV,1658863543
160,salym,60.0625,71.4789,13.83,72,37,2.29,RU,1658863544
161,port blair,11.6667,92.75,27.4,82,100,1.63,IN,1658863547
162,cabo san lucas,22.8909,-109.9124,33.67,58,20,2.06,MX,1658863535
163,ayni,39.3941,68.5377,25.81,33,3,1.49,TJ,1658863549
164,nouadhibou,20.931,-17.0347,22.67,90,21,5.8,MR,1658863551
165,lebu,-37.6167,-73.65,12.28,78,3,8.04,CL,1658863552
166,sao joao da barra,-21.6403,-41.0511,25.05,73,52,5.18,BR,1658863553
167,shache,38.4167,77.2406,30.83,18,61,3.04,CN,1658863555
168,minas,-34.3759,-55.2377,20.63,82,88,4.63,UY,1658863556
169,kannad,20.2667,75.1333,23.47,85,100,2.56,IN,1658863557
170,tasiilaq,65.6145,-37.6368,6.09,92,100,0.8,GL,1658863559
171,devonport,-41.1667,146.35,9.44,74,60,5.13,AU,1658863560
172,alice springs,-23.7,133.8833,0.75,80,0,0.0,AU,1658863561
173,toronto,43.7001,-79.4163,25.83,54,69,1.79,CA,1658862850
174,boma,7.0805,-2.1697,22.15,99,100,0.7,GH,1658863564
175,sitka,57.0531,-135.33,13.94,94,100,1.54,US,1658863565
176,airai,-8.9266,125.4092,11.83,70,100,1.64,TL,1658863566
177,sirnak,37.5228,42.4594,22.05,14,0,1.42,TR,1658863568
178,moree,-29.4667,149.85,3.89,77,5,4.13,AU,1658863569
179,mao,39.8885,4.2658,25.31,69,0,5.14,ES,1658863570
180,paamiut,61.994,-49.6678,5.66,93,22,8.12,GL,1658863571
181,puerto maldonado,-12.6,-69.1833,31.22,62,75,1.54,PE,1658863574
182,bandarbeyla,9.4942,50.8122,24.73,81,17,13.53,SO,1658863575
183,krasnoselkup,65.7,82.4667,12.26,69,1,4.3,RU,1658863576
184,guarapari,-20.6667,-40.4975,23.83,71,6,4.48,BR,1658863578
185,severnyy-kospashskiy,59.0925,57.8008,10.34,88,89,1.59,RU,1658863579
186,almeirim,-1.5233,-52.5817,31.79,53,95,1.01,BR,1658863580
187,mezen,65.8522,44.24,14.96,78,94,2.56,RU,1658863582
188,penalva,-3.2942,-45.1736,33.05,35,21,1.83,BR,1658863419
189,comodoro rivadavia,-45.8667,-67.5,2.92,87,75,3.09,AR,1658863585
190,kruisfontein,-34.0033,24.7314,14.17,55,11,3.01,ZA,1658863586
191,frontera,26.9333,-101.45,35.86,36,40,0.89,MX,1658863588
192,liyang,29.7057,118.2862,26.11,85,81,0.39,CN,1658863589
193,tieli,46.95,128.05,19.6,93,14,1.99,CN,1658863590
194,mount gambier,-37.8333,140.7667,9.95,100,75,3.6,AU,1658863592
195,tuktoyaktuk,69.4541,-133.0374,15.0,82,100,8.75,CA,1658863316
196,odweyne,9.4092,45.064,25.22,34,100,9.51,SO,1658863595
197,tabou,4.423,-7.3528,24.29,79,100,4.14,CI,1658863596
198,ilulissat,69.2167,-51.1,10.01,81,75,2.57,GL,1658863598
199,tocopilla,-22.092,-70.1979,18.57,70,26,5.19,CL,1658863599
200,carnarvon,-24.8667,113.6333,17.3,52,0,4.96,AU,1658863320
201,kaitangata,-46.2817,169.8464,7.43,95,100,6.23,NZ,1658863601
202,nacala,-14.5428,40.6728,21.89,72,0,4.25,MZ,1658863603
203,kizilskoye,52.7255,58.8937,16.58,88,100,5.39,RU,1658863604
204,carroll,39.5501,-77.0164,25.99,65,100,0.45,US,1658863605
205,evensk,61.95,159.2333,10.99,88,24,1.14,RU,1658863607
206,pevek,69.7008,170.3133,1.04,83,85,2.53,RU,1658863608
207,piacenza,45.0468,9.6994,29.6,70,10,5.37,IT,1658863609
208,palmer,42.1584,-72.3287,27.34,52,75,4.12,US,1658863610
209,taoudenni,22.6783,-3.9836,42.38,8,100,5.24,ML,1658863612
210,katsuura,35.1333,140.3,26.2,90,97,6.02,JP,1658863613
211,parakou,9.3372,2.6303,23.73,89,97,2.19,BJ,1658863614
212,quatre cocos,-20.2078,57.7625,21.06,81,5,5.31,MU,1658863616
213,te anau,-45.4167,167.7167,5.49,98,100,1.39,NZ,1658863617
214,najran,17.4924,44.1277,30.36,34,100,1.1,SA,1658863395
215,saint-joseph,-21.3667,55.6167,18.45,80,11,3.37,RE,1658863619
216,langenburg,49.2544,9.8458,22.35,49,28,2.57,DE,1658863623
217,bambous virieux,-20.3428,57.7575,21.14,83,40,3.09,MU,1658863624
218,dandong,40.1292,124.3947,22.47,94,83,0.9,CN,1658863627
219,corner brook,48.9667,-57.9484,25.09,49,0,5.75,CA,1658863396
220,tarakan,3.3,117.6333,26.5,79,100,2.24,ID,1658863580
221,colesberg,-30.72,25.0972,12.93,53,5,2.78,ZA,1658863630
222,faya,18.3851,42.4509,21.06,57,100,2.02,SA,1658863631
223,vardo,70.3705,31.1107,13.99,100,75,3.09,NO,1658863549
224,kargasok,59.0556,80.8572,15.89,87,35,3.84,RU,1658863636
225,pontianak,-0.0333,109.3333,23.99,94,100,0.51,ID,1658863637
226,la rioja,42.25,-2.5,17.88,66,0,2.91,ES,1658863639
227,uvira,-3.4067,29.1458,24.03,66,76,1.6,CD,1658863640
228,sorland,67.667,12.6934,11.92,92,100,13.42,NO,1658863641
229,aranos,-24.1333,19.1167,17.6,20,25,5.08,NA,1658863642
230,mehamn,71.0357,27.8492,15.95,89,100,3.16,NO,1658863644
231,pringsewu,-5.3582,104.9744,22.71,97,68,1.01,ID,1658863645
232,huarmey,-10.0681,-78.1522,20.12,71,83,5.92,PE,1658863646
233,chapais,49.7834,-74.8492,13.88,88,99,5.4,CA,1658863648
234,juneau,58.3019,-134.4197,16.58,100,100,1.54,US,1658863194
235,pedasi,7.5333,-80.0333,31.15,74,44,2.98,PA,1658863650
236,morgan city,29.6994,-91.2068,32.99,53,79,3.49,US,1658863651
237,anchorage,61.2181,-149.9003,15.91,56,0,10.8,US,1658863347
238,okhotsk,59.3833,143.3,13.42,87,100,2.13,RU,1658863654
239,severo-kurilsk,50.6789,156.125,10.85,87,88,2.04,RU,1658863655
240,kiruna,67.8557,20.2251,14.51,100,100,0.0,SE,1658863656
241,dombarovskiy,50.7587,59.5386,17.53,90,100,5.62,RU,1658863658
242,savinskiy,62.9342,40.1361,16.36,80,92,2.42,RU,1658863659
243,port moresby,-9.4431,147.1797,24.68,88,75,3.6,PG,1658863520
244,komsomolskiy,40.4272,71.7189,30.4,35,5,3.09,UZ,1658863661
245,massaguet,12.4755,15.4365,30.44,54,64,5.52,TD,1658863663
246,harper,4.375,-7.7169,24.11,80,100,3.98,LR,1658863664
247,itarema,-2.9248,-39.9167,28.19,59,20,6.96,BR,1658863665
248,norman wells,65.282,-126.8329,25.02,41,75,4.63,CA,1658863666
249,hami,42.8,93.45,27.78,14,0,4.82,CN,1658863668
250,ponta do sol,32.6667,-17.1,30.4,65,4,2.72,PT,1658863669
251,alta floresta,-9.8756,-56.0861,35.9,24,40,4.12,BR,1658863670
252,marystown,47.1666,-55.1483,21.03,100,100,2.68,CA,1658863672
253,san fernando,15.0286,120.6898,26.85,90,100,0.53,PH,1658863673
254,terney,45.0503,136.6092,17.99,98,52,2.84,RU,1658863674
255,naryan-mar,67.6713,53.087,9.37,80,6,2.8,RU,1658863676
256,nivala,63.9167,24.9667,17.6,94,100,5.03,FI,1658863677
257,provideniya,64.3833,-173.3,7.12,66,68,2.2,RU,1658863423
258,beba,22.4437,-79.7253,30.15,65,87,4.83,CU,1658863680
259,sisimiut,66.9395,-53.6735,6.27,84,83,3.94,GL,1658863682
260,los llanos de aridane,28.6585,-17.9182,26.86,39,0,8.23,ES,1658863627
261,miri,4.4148,114.0089,24.08,100,40,0.51,MY,1658863684
262,coihaique,-45.5752,-72.0662,1.97,75,100,2.57,CL,1658863686
263,ranau,5.9538,116.6641,20.68,97,94,0.25,MY,1658863688
264,yelizavetino,59.4916,29.7938,20.31,72,100,3.16,RU,1658863689
265,gizo,-8.103,156.8419,27.38,76,100,2.82,SB,1658863690
266,saint-denis,48.9167,2.3333,22.27,54,0,2.57,FR,1658863692
267,baillif,16.0202,-61.7463,29.72,70,10,6.44,GP,1658863693
268,hobyo,5.3505,48.5268,24.63,83,48,11.63,SO,1658863694
269,halifax,44.6453,-63.5724,27.94,69,40,9.77,CA,1658863222
270,pacasmayo,-7.4006,-79.5714,19.92,73,62,6.14,PE,1658863697
271,olafsvik,64.8945,-23.7142,11.67,90,100,6.12,IS,1658863698
272,madang,-5.2246,145.7966,24.95,91,100,0.24,PG,1658863699
273,sugal,5.6622,125.4617,25.46,82,100,1.22,PH,1658863701
274,guanay,-15.4975,-67.8797,31.14,48,92,2.03,BO,1658863702
275,san patricio,28.017,-97.5169,36.76,42,47,7.69,US,1658863703
276,mackenzie,55.2999,-123.1698,24.12,50,0,2.57,CA,1658863705
277,caceres,39.522,-6.3748,31.74,21,0,7.69,ES,1658863131
278,grindavik,63.8424,-22.4338,12.26,94,100,10.29,IS,1658863537
279,kavieng,-2.5744,150.7967,27.93,70,100,5.58,PG,1658863708
280,zhengjiatun,43.5064,123.5064,20.69,93,4,2.75,CN,1658863709
281,awbari,26.5921,12.7805,31.35,15,14,3.28,LY,1658863711
282,constitucion,-35.3333,-72.4167,13.25,82,100,4.91,CL,1658863712
283,tecoanapa,16.5167,-98.75,29.54,66,95,4.12,MX,1658863713
284,zhanaozen,43.3,52.8,25.8,44,0,4.14,KZ,1658863715
285,nejdek,50.3224,12.7294,20.25,60,0,3.6,CZ,1658863575
286,half moon bay,37.4636,-122.4286,28.63,69,100,5.14,US,1658863717
287,yuanping,38.7153,112.7575,19.0,89,100,0.9,CN,1658863719
288,asau,46.4333,26.4,24.97,64,0,1.04,RO,1658863720
289,makinsk,52.6292,70.4169,20.51,61,94,3.73,KZ,1658863721
290,havre-saint-pierre,50.2334,-63.5986,18.2,72,0,8.23,CA,1658863722
291,sur,22.5667,59.5289,27.66,79,37,7.7,OM,1658863548
292,santa maria,-29.6842,-53.8069,21.61,78,0,4.12,BR,1658863725
293,zakupne,49.1194,26.3376,21.61,44,91,3.62,UA,1658863726
294,okato,-39.2,173.8833,13.43,97,100,8.49,NZ,1658863727
295,shirgaon,19.7,72.7,26.8,83,87,3.01,IN,1658863729
296,hvide sande,56.0045,8.1294,12.83,70,96,12.42,DK,1658863730
297,saint-francois,46.4154,3.9054,20.69,52,0,4.63,FR,1658863731
298,vicuna,-30.0319,-70.7081,20.98,49,0,2.03,CL,1658863733
299,ahuimanu,21.4447,-157.8378,29.84,80,100,6.69,US,1658863735
300,gorontalo,0.5412,123.0595,24.11,94,76,1.45,ID,1658863736
301,katherine,-14.4667,132.2667,16.18,67,9,3.6,AU,1658863738
302,foam lake,51.65,-103.5343,18.01,47,9,7.82,CA,1658863739
303,benghazi,32.1167,20.0667,27.65,69,0,4.7,LY,1658863740
304,bengkulu,-3.8004,102.2655,24.39,87,100,1.61,ID,1658863741
305,coos bay,43.3665,-124.2179,24.44,94,40,3.6,US,1658863744
306,alyangula,-13.8483,136.4192,21.29,75,0,6.14,AU,1658863745
307,esperance,-33.8667,121.9,13.95,81,100,3.77,AU,1658863632
308,masterton,-40.9597,175.6575,11.6,99,100,1.74,NZ,1658863748
309,burnie,-41.0667,145.9167,9.4,74,11,5.55,AU,1658863749
310,hatillo,18.4863,-66.8254,32.7,75,1,4.47,PR,1658863750
311,eureka,40.8021,-124.1637,22.33,76,69,2.24,US,1658863752
312,camacupa,-12.0167,17.4833,17.01,30,0,1.22,AO,1658863753
313,dingle,10.9995,122.6711,24.71,92,56,1.78,PH,1658863754
314,fensmark,55.2792,11.8038,17.36,55,99,8.34,DK,1658863756
315,khorinsk,52.1657,109.7726,13.61,92,100,2.57,RU,1658863757
316,fort nelson,58.8053,-122.7002,25.77,50,40,4.12,CA,1658863758
317,pemangkat,1.1667,108.9667,25.53,87,100,1.97,ID,1658863760
318,prince rupert,54.3161,-130.3201,20.05,80,0,8.75,CA,1658863761
319,irbeyskoye,55.6428,95.4522,10.1,96,8,2.38,RU,1658863762
320,port-cartier,50.0334,-66.8654,22.82,52,80,5.79,CA,1658863763
321,vila franca do campo,37.7167,-25.4333,24.23,81,52,2.7,PT,1658863766
322,kalawit,8.0667,122.5167,25.5,90,100,1.84,PH,1658863767
323,salta,-24.7859,-65.4117,28.33,51,75,2.57,AR,1658863768
324,gua musang,4.8823,101.9644,23.49,99,100,0.71,MY,1658863770
325,bourail,-21.5667,165.4833,17.62,84,0,1.9,NC,1658863771
326,san cristobal,7.7669,-72.225,29.1,53,54,2.36,VE,1658863772
327,sibu,2.3,111.8167,24.17,94,40,0.51,MY,1658863774
328,avera,33.194,-82.5271,33.73,35,99,4.71,US,1658863775
329,pozoblanco,38.3791,-4.8483,31.53,17,0,3.29,ES,1658863682
330,banepa,27.6298,85.5214,20.18,94,75,1.03,NP,1658863778
331,key west,24.5557,-81.7826,30.0,88,40,9.26,US,1658863736
332,santa barbara,34.7333,-120.0343,25.68,50,0,3.6,US,1658863781
333,kaohsiung,22.6163,120.3133,28.35,85,75,2.06,TW,1658863546
334,taltal,-25.4,-70.4833,16.79,72,40,2.32,CL,1658863783
335,honningsvag,70.9821,25.9704,15.86,77,0,1.03,NO,1658863785
336,sechura,-5.5569,-80.8222,22.76,62,100,4.76,PE,1658863786
337,preobrazheniye,42.9019,133.9064,20.24,91,100,1.57,RU,1658863787
338,alugan,12.2188,125.4808,25.51,88,100,2.01,PH,1658863788
339,gympie,-26.1898,152.665,9.53,52,0,3.59,AU,1658863791
340,payyannur,12.1,75.2,25.41,85,100,3.63,IN,1658863792
341,pangnirtung,66.1451,-65.7125,7.0,87,40,2.57,CA,1658863793
342,scarborough,54.2797,-0.4044,16.62,75,73,1.48,GB,1658863795
343,poronaysk,49.2167,143.1167,13.97,97,100,1.31,RU,1658863796
344,austin,30.2672,-97.7431,39.9,40,0,3.09,US,1658863551
345,sangmelima,2.9333,11.9833,20.6,98,100,1.05,CM,1658863798
346,igarka,67.4667,86.5833,13.84,77,91,1.12,RU,1658863800
347,khasan,42.4308,130.6434,20.14,93,100,0.7,RU,1658863801
348,tabuk,17.4189,121.4443,23.82,92,81,0.8,PH,1658863802
349,aguimes,27.9054,-15.4461,28.14,57,0,10.29,ES,1658863804
350,bilibino,68.0546,166.4372,4.94,63,76,4.43,RU,1658863806
351,hargeysa,9.56,44.065,23.26,39,77,11.06,SO,1658863808
352,vao,-22.6667,167.4833,19.79,63,0,3.24,NC,1658863809
353,faanui,-16.4833,-151.75,25.33,74,47,4.69,PF,1658863810
354,gamba,-2.65,10.0,21.32,88,50,2.67,GA,1658863812
355,lodja,-3.4833,23.4333,27.34,32,100,0.74,CD,1658863528
356,salinopolis,-0.6136,-47.3561,26.76,84,94,4.1,BR,1658863815
357,lianzhou,24.7811,112.3825,25.59,86,21,0.87,CN,1658863817
358,peruibe,-24.32,-46.9983,21.76,76,6,1.74,BR,1658863778
359,geraldton,-28.7667,114.6,5.23,87,0,4.12,AU,1658863579
360,viedma,-40.8135,-62.9967,9.72,98,100,3.19,AR,1658863821
361,longyearbyen,78.2186,15.6401,8.91,87,75,3.6,SJ,1658863531
362,hasaki,35.7333,140.8333,25.22,91,100,7.32,JP,1658863758
363,bodden town,19.2833,-81.25,32.0,69,20,4.12,KY,1658863825
364,ostrovnoy,68.0531,39.5131,16.04,72,100,8.39,RU,1658863826
365,nokaneng,-19.6667,22.2667,17.19,31,3,3.17,BW,1658863827
366,tiznit,29.5833,-9.5,30.8,28,0,3.35,MA,1658863829
367,toora-khem,52.4675,96.11,6.9,95,100,0.18,RU,1658863830
368,torbay,47.6666,-52.7314,24.43,75,75,9.26,CA,1658863831
369,shujalpur,23.4,76.7167,23.21,92,99,2.44,IN,1658863832
370,xining,36.6167,101.7667,14.22,84,100,0.46,CN,1658863813
371,betare oya,5.6,14.0833,20.05,96,79,1.15,CM,1658863835
372,vestmannaeyjar,63.4427,-20.2734,11.55,93,100,8.75,IS,1658863836
373,quang ngai,15.1167,108.8,24.13,86,46,1.62,VN,1658863837
374,luba,3.4568,8.5547,24.94,88,72,2.84,GQ,1658863839
375,nioro,13.35,-15.75,26.39,84,100,2.44,GM,1658863840
376,lima,-12.0432,-77.0282,17.14,72,100,4.12,PE,1658863316
377,kidal,18.4411,1.4078,38.13,9,95,4.27,ML,1658863842
378,rassvet,46.8333,40.75,20.63,86,1,2.0,RU,1658863844
379,shalinskoye,55.7228,93.7594,9.09,95,8,2.17,RU,1658863845
380,eyl,7.9803,49.8164,24.85,76,3,11.51,SO,1658863846
381,eydhafushi,5.1033,73.0708,27.28,79,92,7.37,MV,1658863848
382,port hedland,-20.3167,118.5667,15.03,51,5,3.09,AU,1658863669
383,kollam,8.8833,76.6,25.13,90,87,4.53,IN,1658863850
384,loding,67.3,14.75,14.19,93,100,6.17,NO,1658863851
385,brae,60.3964,-1.353,10.62,78,12,4.71,GB,1658863853
386,praia,14.9215,-23.5087,28.3,69,40,1.03,CV,1658863854
387,pochutla,15.7432,-96.4661,31.01,72,88,2.51,MX,1658863855
388,iregszemcse,46.6929,18.1858,21.84,64,47,3.48,HU,1658863856
389,guider,9.9342,13.9486,26.01,78,100,2.69,CM,1658863859
390,mount isa,-20.7333,139.5,12.87,41,0,4.63,AU,1658863860
391,tessalit,20.1986,1.0114,37.97,8,37,1.56,ML,1658863861
392,komsomolets,53.7453,62.0708,17.38,90,100,3.33,KZ,1658863864
393,kendari,-3.945,122.4989,23.07,94,98,1.45,ID,1658863865
394,lincoln,40.8,-96.667,27.29,68,75,4.12,US,1658863694
395,yei,4.095,30.6779,19.39,95,86,1.13,SS,1658863868
396,seoul,37.5683,126.9778,25.78,92,75,1.54,KR,1658863624
397,dolores,-36.3132,-57.6792,15.65,98,100,1.55,AR,1658863870
398,abhar,36.1468,49.218,17.51,74,0,3.06,IR,1658863871
399,malangali,-8.5667,34.85,15.61,71,9,6.62,TZ,1658863635
400,bafia,4.75,11.2333,20.87,97,58,1.33,CM,1658863874
401,hamilton,39.1834,-84.5333,24.49,89,100,2.06,US,1658863683
402,barcelona,41.3888,2.159,28.44,80,75,5.14,ES,1658863445
403,monster,52.0258,4.175,17.21,69,86,4.12,NL,1658863877
404,cantaura,9.3057,-64.3584,34.76,28,37,3.03,VE,1658863878
405,baghmara,23.795,86.2085,26.08,84,60,2.03,IN,1658863880
406,tigil,57.8,158.6667,12.05,62,95,2.79,RU,1658863881
407,baykit,61.67,96.37,16.21,97,97,1.71,RU,1658863882
408,vanimo,-2.6741,141.3028,24.93,88,74,2.35,PG,1658863884
409,inuvik,68.3499,-133.7218,17.56,72,100,4.12,CA,1658863885
410,kampene,-3.6,26.6667,24.03,50,56,0.52,CD,1658863887
411,muros,42.7762,-9.0603,21.02,65,5,6.42,ES,1658863889
412,lavrentiya,65.5833,-171.0,3.86,89,100,6.34,RU,1658863890
413,tevaitoa,-16.7833,-151.5,24.91,78,22,4.86,PF,1658863891
414,eston,51.1501,-108.7514,22.18,44,59,6.91,CA,1658863892
415,lompoc,34.6391,-120.4579,29.45,73,0,4.12,US,1658863894
416,iskateley,67.6803,53.1512,9.06,82,7,2.88,RU,1658863895
417,kailua,21.4022,-157.7394,29.99,85,100,6.69,US,1658863664
418,multan,30.1956,71.4753,29.94,84,40,0.0,PK,1658863868
419,fresnillo,23.1667,-102.8833,20.75,34,100,3.74,MX,1658863900
420,yashalta,46.3395,42.2762,21.93,68,31,1.98,RU,1658863901
421,nantucket,41.2835,-70.0995,28.08,77,0,3.6,US,1658863902
422,alexandria,31.2156,29.9553,26.98,69,40,3.09,EG,1658863570
423,ketchikan,55.3422,-131.6461,20.26,77,0,6.69,US,1658863905
424,akureyri,65.6835,-18.0878,13.96,67,75,4.12,IS,1658863906
425,axim,4.8699,-2.2405,24.63,85,100,4.82,GH,1658863907
426,santa cruz,-17.8,-63.1667,32.7,43,40,7.2,BO,1658863760
427,sibolga,1.7427,98.7792,24.3,90,100,1.16,ID,1658863910
428,vila velha,-20.3297,-40.2925,24.97,82,20,5.14,BR,1658863712
429,ribeira brava,32.65,-17.0667,27.35,58,4,3.1,PT,1658863912
430,chino valley,34.7575,-112.4538,29.68,59,98,1.34,US,1658863913
431,karlskrona,56.1616,15.5866,15.25,63,14,7.8,SE,1658863915
432,galle,6.0367,80.217,25.61,88,87,3.16,LK,1658863916
433,bulawayo,-20.15,28.5833,12.58,59,0,2.91,ZW,1658863917
434,oranjemund,-28.55,16.4333,13.1,84,78,1.39,NA,1658863919
435,biltine,14.5333,20.9167,31.29,46,100,5.86,TD,1658863920
436,buta,2.7858,24.73,21.71,98,100,0.12,CD,1658863921
437,jaguariaiva,-24.2511,-49.7058,23.17,50,0,1.48,BR,1658863922
438,dharchula,29.85,80.5333,22.7,97,100,0.45,IN,1658863924
439,umm lajj,25.0213,37.2685,30.05,69,10,3.01,SA,1658863925
440,secunda,-26.55,29.1667,9.06,68,4,0.45,ZA,1658863708
441,novopavlovka,51.2172,109.2091,12.28,98,100,2.33,RU,1658863927
442,pundaguitan,6.3711,126.1689,27.78,71,100,0.81,PH,1658863929
443,dwarka,22.2394,68.9678,27.91,83,100,7.28,IN,1658863930
444,mexico,15.0646,120.7198,26.84,91,100,0.47,PH,1658863826
445,verkhoyansk,67.5447,133.385,20.87,63,59,0.93,RU,1658863932
446,cabedelo,-6.9811,-34.8339,26.37,81,68,5.78,BR,1658863934
447,nome,64.5011,-165.4064,7.04,77,100,9.77,US,1658863935
448,dalbandin,28.8947,64.4101,25.67,80,60,6.04,PK,1658863936
449,deputatskiy,69.3,139.9,11.0,73,59,1.74,RU,1658863938
450,isoka,-10.1606,32.6335,15.02,69,83,1.5,ZM,1658863939
451,port pirie,-33.1833,138.0167,7.57,82,49,2.05,AU,1658863940
452,klyuchi,52.2667,79.1667,19.84,48,80,3.27,RU,1658863942
453,cervo,43.6702,-7.4101,19.42,77,100,4.93,ES,1658863943
454,leningradskiy,69.3833,178.4167,0.88,99,100,3.83,RU,1658863944
455,luang prabang,19.8856,102.1347,23.09,91,46,0.54,LA,1658863945
456,toropets,56.4978,31.6353,17.64,83,46,1.59,RU,1658863947
457,vangaindrano,-23.35,47.6,19.87,85,89,1.62,MG,1658863948
458,suruc,36.9761,38.425,29.17,19,0,3.74,TR,1658863949
459,mehran,33.1222,46.1646,33.86,9,0,4.14,IR,1658863951
460,san alberto,7.7611,-73.3922,28.51,81,91,1.13,CO,1658863952
461,kyra,49.5776,111.9753,12.74,94,100,5.26,RU,1658863953
462,anloga,5.7947,0.8973,24.41,89,98,7.24,GH,1658863954
463,margate,51.3813,1.3862,17.95,71,100,1.34,GB,1658863913
464,zabid,14.1951,43.3152,33.69,36,100,2.72,YE,1658863957
465,okha,53.5739,142.9478,12.86,92,100,2.38,RU,1658863958
466,tibagi,-24.5094,-50.4136,22.73,55,0,1.22,BR,1658863961
467,hamadan,34.7992,48.5146,25.49,29,0,2.06,IR,1658863962
468,saldanha,-33.0117,17.9442,13.03,88,21,2.12,ZA,1658863963
469,batagay,67.6333,134.6333,19.24,67,27,0.8,RU,1658863965
470,serrinha,-11.6642,-39.0075,21.09,81,80,5.51,BR,1658863966
471,leeuwarden,53.2014,5.8086,17.2,76,100,4.26,NL,1658863967
472,pozo colorado,-23.4923,-58.7972,35.45,20,3,3.93,PY,1658863968
473,wanaka,-44.7,169.15,4.5,97,100,0.45,NZ,1658863970
474,flinders,-34.5833,150.8552,10.1,69,3,4.02,AU,1658863971
475,lagoa,39.05,-27.9833,23.38,87,20,5.28,PT,1658863972
476,severo-yeniseyskiy,60.3725,93.0408,11.92,97,100,2.62,RU,1658863974
477,khor,47.8861,134.9464,18.97,95,93,1.19,RU,1658863976
478,awjilah,29.1081,21.2869,30.53,32,5,7.36,LY,1658863977
479,burns lake,54.2331,-125.7533,24.68,37,9,1.24,CA,1658863979
480,dunedin,-45.8742,170.5036,7.89,96,100,5.2,NZ,1658863830
481,rapid valley,44.0625,-103.1463,23.35,71,0,4.63,US,1658863915
482,domoni,-12.2569,44.5319,23.67,75,6,3.85,KM,1658863982
483,ampanihy,-24.7,44.75,15.39,78,0,1.76,MG,1658863983
484,tripoli,32.8752,13.1875,28.35,55,0,2.37,LY,1658863985
485,sar-e pul,35.8333,66.1667,24.08,23,0,2.13,AF,1658863986
486,padang,-0.9492,100.3543,24.46,86,91,1.46,ID,1658863987
487,adrar,20.5022,-10.0711,39.95,14,79,5.22,MR,1658863987
488,rosarito,32.3333,-117.0333,29.81,69,71,4.36,MX,1658863991
489,yeppoon,-23.1333,150.7333,15.88,74,0,4.44,AU,1658863579
490,nhulunbuy,-12.2333,136.7667,22.34,83,75,3.6,AU,1658863993
491,namibe,-15.1961,12.1522,17.74,78,81,0.8,AO,1658863994
492,malinalco,18.95,-99.5,26.92,57,80,2.3,MX,1658863996
493,belmonte,-15.8631,-38.8828,23.31,70,2,4.3,BR,1658863997
494,akyab,20.15,92.9,27.74,79,12,2.85,MM,1658863998
495,puerto plata,19.7934,-70.6884,31.95,70,40,7.72,DO,1658863831
496,yashkino,55.8736,85.4265,13.52,93,96,1.71,RU,1658864001
497,celestun,20.8667,-90.4,29.59,69,36,6.6,MX,1658864002
498,ellisras,-23.6649,27.7443,13.32,58,0,1.4,ZA,1658864003
499,abu zabad,12.35,29.25,24.43,78,100,0.07,SD,1658864005
500,akdepe,42.0551,59.3788,27.05,31,0,3.11,TM,1658863987
501,quelimane,-17.8786,36.8883,20.97,83,40,1.54,MZ,1658864007
502,aksu,41.1231,80.2644,29.6,23,6,0.8,CN,1658864008
503,guerrero negro,27.9769,-114.0611,28.23,47,51,4.21,MX,1658864010
504,soyo,-6.1349,12.3689,21.31,87,54,4.25,AO,1658863943
505,valle de allende,26.9333,-105.4,28.76,29,100,5.65,MX,1658864013
506,usinsk,65.9939,57.5281,10.02,74,26,4.74,RU,1658864014
507,machilipatnam,16.1667,81.1333,27.73,79,34,0.43,IN,1658864016
508,batagay-alyta,67.8006,130.4114,18.91,70,93,0.69,RU,1658864018
509,laguna,38.421,-121.4238,33.87,46,0,3.09,US,1658864020
510,flin flon,54.7682,-101.865,15.91,88,75,4.63,CA,1658863842
511,lata,40.1629,-8.3327,17.23,73,0,2.3,PT,1658864022
512,jimma,7.6667,36.8333,16.11,97,100,1.31,ET,1658864023
513,darovskoy,58.77,47.9564,14.46,85,22,2.16,RU,1658864025
514,mackay,-21.15,149.2,14.27,83,0,3.93,AU,1658864026
515,antalaha,-14.9003,50.2788,18.75,88,2,2.91,MG,1658864027
516,touros,-5.1989,-35.4608,25.39,74,60,6.62,BR,1658864029
517,tahlequah,35.9154,-94.97,40.6,17,0,4.63,US,1658863998
518,namatanai,-3.6667,152.4333,25.66,80,88,2.78,PG,1658864032
519,smithers,54.7804,-127.1743,24.18,57,20,3.6,CA,1658863847
520,berck,50.4,1.6,19.04,63,0,2.57,FR,1658864034
521,les cayes,18.2,-73.75,30.08,66,26,5.95,HT,1658864036
522,point pedro,9.8167,80.2333,27.54,75,96,0.96,LK,1658864037
523,diamantino,-14.4086,-56.4461,35.35,17,6,2.19,BR,1658864036
524,lasa,46.6166,10.7002,22.49,89,55,2.28,IT,1658863768
525,zhaozhou,45.6833,125.3167,20.93,95,20,3.78,CN,1658864040
526,sarkand,45.41,79.9186,21.59,28,86,2.05,KZ,1658864042
527,kasongo-lunda,-6.4667,16.8167,24.01,26,100,1.33,CD,1658864044
528,hornepayne,49.2138,-84.7705,24.35,38,100,5.8,CA,1658864045
529,teguldet,57.3064,88.1667,11.04,94,100,1.58,RU,1658863936
530,sainte-rose,16.3324,-61.6979,30.02,62,75,5.14,GP,1658864048
531,oxbow,49.2333,-102.1676,22.02,61,72,4.93,CA,1658864050
532,sola,-13.8833,167.55,26.61,78,32,5.22,VU,1658864000
533,nueva guinea,11.6876,-84.4562,22.66,90,100,3.06,NI,1658864053
534,aksarka,66.5606,67.7975,9.74,89,100,5.58,RU,1658864054
535,yumen,40.2833,97.2,23.94,16,11,5.35,CN,1658863934
536,broome,42.2506,-75.833,25.81,53,20,3.09,US,1658864056
537,camapua,-19.5314,-54.0439,32.8,20,0,0.48,BR,1658864058
538,aklavik,68.2191,-135.0107,18.95,44,99,7.32,CA,1658864002
539,dali,25.7,100.1833,16.41,94,100,2.11,CN,1658863876
540,zahnitkiv,48.0446,28.8958,20.75,38,72,1.86,UA,1658864061
541,raudeberg,61.9875,5.1352,9.42,81,100,8.54,NO,1658864064
542,yar-sale,66.8333,70.8333,9.15,88,100,4.22,RU,1658864065
543,kamsack,51.5667,-101.9009,20.86,49,18,8.03,CA,1658864067
544,saint anthony,45.0205,-93.218,26.48,64,100,4.12,US,1658863844
545,merrill,45.1805,-89.6835,26.43,57,0,4.63,US,1658863782
546,oriximina,-1.7656,-55.8661,32.04,48,94,2.02,BR,1658864071
547,mokhsogollokh,61.4681,128.9203,15.35,79,69,0.65,RU,1658864072
548,rocha,-34.4833,-54.3333,18.99,89,96,2.97,UY,1658864052
549,eenhana,-17.4667,16.3333,18.03,31,58,2.71,NA,1658864074
550,sioux lookout,50.1001,-91.917,19.04,82,75,4.12,CA,1658863956
551,cabinda,-5.55,12.2,21.34,87,86,3.44,AO,1658864077
552,molteno,-31.3968,26.3625,9.85,53,2,3.8,ZA,1658864057
553,concordia,-31.393,-58.0209,23.06,80,81,2.38,AR,1658863801
554,virginia beach,36.8529,-75.978,33.9,83,75,4.12,US,1658863933
555,tamandare,-8.7597,-35.1047,23.85,84,59,4.77,BR,1658864082
556,halden,59.1226,11.3871,19.24,73,79,1.86,NO,1658864084
557,barabash,43.2,131.4833,20.03,97,98,0.47,RU,1658864085
558,ritchie,-29.038,24.6028,15.56,48,27,2.2,ZA,1658864086
559,fukue,32.6881,128.8419,25.79,77,0,2.33,JP,1658864088
560,strezhevoy,60.7333,77.5889,16.1,98,100,1.29,RU,1658864089
561,carballo,43.213,-8.691,21.68,78,5,4.34,ES,1658864090
562,catuday,16.2923,119.8062,26.56,81,100,2.85,PH,1658864091
563,kavaratti,10.5669,72.642,27.21,78,100,7.77,IN,1658863993
564,bilma,18.6853,12.9164,34.5,11,32,3.02,NE,1658864095
565,elizabeth city,36.2946,-76.2511,28.01,88,75,15.95,US,1658864096
566,nelson bay,-32.7167,152.15,10.56,75,4,4.92,AU,1658864098
